donor_id,donor_name,donor_type,city,state,email,acquisition_date,age_group
D0001,Harper Martin,Individual,Wollongong,NSW,donor1@email.com,2022-04-25,26-35
D0002,Matthew Garcia,Individual,Geelong,VIC,donor2@email.com,2022-10-30,46-55
D0003,Charlotte Harris,Individual,Melbourne,VIC,donor3@email.com,2022-09-16,56-65
D0004,Matthew Green,Individual,Melbourne,VIC,donor4@email.com,2022-04-23,46-55
D0005,Liam Anderson,Individual,Newcastle,NSW,donor5@email.com,2022-12-24,46-55
D0006,Charlotte Scott,Individual,Canberra,ACT,donor6@email.com,2022-02-22,18-25
D0007,Alexander Diaz,Individual,Hobart,TAS,donor7@email.com,2022-05-16,18-25
D0008,Ava Hill,Individual,Geelong,VIC,donor8@email.com,2022-02-10,56-65
D0009,Parker Holdings,Corporate,Adelaide,SA,donor9@email.com,2022-10-23,N/A
D0010,Williams Group,Corporate,Perth,WA,donor10@email.com,2022-05-29,N/A
D0011,Miller Foundation,Foundation,Sydney,NSW,donor11@email.com,2022-07-14,N/A
D0012,Emily Anderson,Individual,Adelaide,SA,donor12@email.com,2022-07-09,36-45
D0013,James Diaz,Individual,Perth,WA,donor13@email.com,2022-11-22,26-35
D0014,Anderson Services,Corporate,Gold Coast,QLD,donor14@email.com,2022-07-14,N/A
D0015,Adelaide City Council,Government,Adelaide,SA,donor15@email.com,2022-11-24,N/A
D0016,Michael Brown,Individual,Geelong,VIC,donor16@email.com,2022-04-28,18-25
D0017,Harper Jones,Individual,Townsville,QLD,donor17@email.com,2022-04-19,56-65
D0018,White Services,Corporate,Toowoomba,QLD,donor18@email.com,2022-07-22,N/A
D0019,Baker Foundation,Foundation,Toowoomba,QLD,donor19@email.com,2022-03-15,N/A
D0020,Grace Gomez,Individual,Adelaide,SA,donor20@email.com,2022-05-15,65+
D0021,Chloe Flores,Individual,Newcastle,NSW,donor21@email.com,2022-07-05,26-35
D0022,Sophia Brown,Individual,Brisbane,QLD,donor22@email.com,2022-02-26,26-35
D0023,Sofia Diaz,Individual,Wollongong,NSW,donor23@email.com,2022-02-02,46-55
D0024,Avery Roberts,Individual,Hobart,TAS,donor24@email.com,2022-05-09,56-65
D0025,Davis Foundation,Foundation,Cairns,QLD,donor25@email.com,2022-12-16,N/A
D0026,Harper Scott,Individual,Toowoomba,QLD,donor26@email.com,2022-02-27,36-45
D0027,Liam Thompson,Individual,Hobart,TAS,donor27@email.com,2022-09-14,26-35
D0028,King Foundation,Foundation,Gold Coast,QLD,donor28@email.com,2022-11-24,N/A
D0029,Isabella Nguyen,Individual,Gold Coast,QLD,donor29@email.com,2022-03-24,56-65
D0030,Smith Foundation,Foundation,Townsville,QLD,donor30@email.com,2022-11-03,N/A
D0031,Ava Nguyen,Individual,Canberra,ACT,donor31@email.com,2022-06-07,26-35
D0032,Samuel Garcia,Individual,Melbourne,VIC,donor32@email.com,2022-02-13,65+
D0033,Gomez Group,Corporate,Darwin,NT,donor33@email.com,2022-03-07,N/A
D0034,Grace Anderson,Individual,Wollongong,NSW,donor34@email.com,2022-05-16,56-65
D0035,Charlotte Gomez,Individual,Cairns,QLD,donor35@email.com,2022-12-20,26-35
D0036,Emily Nelson,Individual,Geelong,VIC,donor36@email.com,2022-09-22,46-55
D0037,James Scott,Individual,Sydney,NSW,donor37@email.com,2022-01-11,56-65
D0038,Mason Smith,Individual,Gold Coast,QLD,donor38@email.com,2022-02-06,65+
D0039,James Williams,Individual,Wollongong,NSW,donor39@email.com,2022-06-19,18-25
D0040,Ella White,Individual,Gold Coast,QLD,donor40@email.com,2022-10-04,26-35
D0041,Evans Foundation,Foundation,Geelong,VIC,donor41@email.com,2022-10-23,N/A
D0042,Sebastian Green,Individual,Darwin,NT,donor42@email.com,2022-04-08,18-25
D0043,Alexander Adams,Individual,Sydney,NSW,donor43@email.com,2022-07-30,46-55
D0044,Miller Pty Ltd,Corporate,Cairns,QLD,donor44@email.com,2022-07-26,N/A
D0045,Oliver Martin,Individual,Geelong,VIC,donor45@email.com,2022-04-09,26-35
D0046,Sofia Thomas,Individual,Gold Coast,QLD,donor46@email.com,2022-05-23,46-55
D0047,Jones Foundation,Foundation,Perth,WA,donor47@email.com,2022-08-15,N/A
D0048,Phillips Foundation,Foundation,Townsville,QLD,donor48@email.com,2022-02-20,N/A
D0049,Matthew Smith,Individual,Melbourne,VIC,donor49@email.com,2022-02-17,26-35
D0050,Sebastian White,Individual,Brisbane,QLD,donor50@email.com,2022-07-25,18-25
D0051,Daniel Thompson,Individual,Brisbane,QLD,donor51@email.com,2022-08-21,36-45
D0052,Grace Mitchell,Individual,Hobart,TAS,donor52@email.com,2022-03-21,26-35
D0053,Emma Turner,Individual,Adelaide,SA,donor53@email.com,2022-10-05,18-25
D0054,Emma Turner,Individual,Geelong,VIC,donor54@email.com,2022-09-02,56-65
D0055,Anderson Foundation,Foundation,Toowoomba,QLD,donor55@email.com,2022-01-30,N/A
D0056,Mia Jones,Individual,Gold Coast,QLD,donor56@email.com,2022-11-01,18-25
D0057,Flores Foundation,Foundation,Wollongong,NSW,donor57@email.com,2022-03-03,N/A
D0058,Chloe Diaz,Individual,Toowoomba,QLD,donor58@email.com,2022-01-21,56-65
D0059,Chloe Evans,Individual,Sydney,NSW,donor59@email.com,2022-09-25,36-45
D0060,Michael Martin,Individual,Toowoomba,QLD,donor60@email.com,2022-05-16,46-55
D0061,Evelyn Baker,Individual,Brisbane,QLD,donor61@email.com,2022-06-11,18-25
D0062,Samuel Miller,Individual,Melbourne,VIC,donor62@email.com,2022-02-07,56-65
D0063,William Torres,Individual,Perth,WA,donor63@email.com,2022-02-05,26-35
D0064,Jackson Gomez,Individual,Canberra,ACT,donor64@email.com,2022-12-27,36-45
D0065,Newcastle City Council,Government,Newcastle,NSW,donor65@email.com,2022-12-01,N/A
D0066,Grace King,Individual,Gold Coast,QLD,donor66@email.com,2022-12-06,18-25
D0067,Ava Miller,Individual,Toowoomba,QLD,donor67@email.com,2022-10-11,26-35
D0068,Charlotte Scott,Individual,Adelaide,SA,donor68@email.com,2022-04-15,65+
D0069,Carter Foundation,Foundation,Wollongong,NSW,donor69@email.com,2022-09-08,N/A
D0070,Brown Foundation,Foundation,Adelaide,SA,donor70@email.com,2022-02-17,N/A
D0071,Harper Williams,Individual,Wollongong,NSW,donor71@email.com,2022-01-02,36-45
D0072,Logan Anderson,Individual,Townsville,QLD,donor72@email.com,2022-08-15,56-65
D0073,Liam Davis,Individual,Geelong,VIC,donor73@email.com,2022-02-08,65+
D0074,Noah Nguyen,Individual,Toowoomba,QLD,donor74@email.com,2022-10-26,56-65
D0075,Noah King,Individual,Brisbane,QLD,donor75@email.com,2022-07-06,18-25
D0076,Amelia Miller,Individual,Toowoomba,QLD,donor76@email.com,2022-07-01,56-65
D0077,Parker Foundation,Foundation,Toowoomba,QLD,donor77@email.com,2022-03-21,N/A
D0078,Anderson Foundation,Foundation,Toowoomba,QLD,donor78@email.com,2022-04-01,N/A
D0079,Mia Scott,Individual,Toowoomba,QLD,donor79@email.com,2022-07-30,65+
D0080,Martin Holdings,Corporate,Cairns,QLD,donor80@email.com,2022-03-23,N/A
D0081,Hill Pty Ltd,Corporate,Townsville,QLD,donor81@email.com,2022-08-29,N/A
D0082,Avery Torres,Individual,Perth,WA,donor82@email.com,2022-06-06,26-35
D0083,Lucas Flores,Individual,Perth,WA,donor83@email.com,2022-06-18,36-45
D0084,Harper Torres,Individual,Cairns,QLD,donor84@email.com,2022-11-25,56-65
D0085,Matthew Scott,Individual,Hobart,TAS,donor85@email.com,2022-01-15,18-25
D0086,Toowoomba City Council,Government,Toowoomba,QLD,donor86@email.com,2022-04-02,N/A
D0087,Newcastle City Council,Government,Newcastle,NSW,donor87@email.com,2022-05-16,N/A
D0088,Sofia Torres,Individual,Melbourne,VIC,donor88@email.com,2022-06-10,46-55
D0089,Newcastle City Council,Government,Newcastle,NSW,donor89@email.com,2022-03-01,N/A
D0090,Jackson Foundation,Foundation,Hobart,TAS,donor90@email.com,2022-05-11,N/A
D0091,Smith Solutions,Corporate,Melbourne,VIC,donor91@email.com,2022-10-03,N/A
D0092,Jackson Holdings,Corporate,Wollongong,NSW,donor92@email.com,2022-08-09,N/A
D0093,Scott Foundation,Foundation,Sydney,NSW,donor93@email.com,2022-11-16,N/A
D0094,Ava King,Individual,Canberra,ACT,donor94@email.com,2022-09-17,36-45
D0095,Elizabeth Allen,Individual,Wollongong,NSW,donor95@email.com,2022-10-11,26-35
D0096,Daniel Thomas,Individual,Perth,WA,donor96@email.com,2022-11-12,56-65
D0097,Liam King,Individual,Adelaide,SA,donor97@email.com,2022-05-27,26-35
D0098,Diaz Holdings,Corporate,Hobart,TAS,donor98@email.com,2022-08-27,N/A
D0099,Charlotte Carter,Individual,Darwin,NT,donor99@email.com,2022-08-31,65+
D0100,Jacob Carter,Individual,Brisbane,QLD,donor100@email.com,2022-12-06,65+
D0101,Amelia King,Individual,Newcastle,NSW,donor101@email.com,2022-04-26,26-35
D0102,Amelia Rivera,Individual,Brisbane,QLD,donor102@email.com,2022-11-09,18-25
D0103,Samuel Jackson,Individual,Darwin,NT,donor103@email.com,2022-12-23,46-55
D0104,Isabella Smith,Individual,Darwin,NT,donor104@email.com,2022-02-24,46-55
D0105,Scarlett Baker,Individual,Perth,WA,donor105@email.com,2022-01-26,56-65
D0106,Davis Foundation,Foundation,Perth,WA,donor106@email.com,2022-08-22,N/A
D0107,Roberts Solutions,Corporate,Brisbane,QLD,donor107@email.com,2022-11-01,N/A
D0108,Canberra City Council,Government,Canberra,ACT,donor108@email.com,2022-08-15,N/A
D0109,Carter Services,Corporate,Newcastle,NSW,donor109@email.com,2022-10-08,N/A
D0110,Rivera Foundation,Foundation,Darwin,NT,donor110@email.com,2022-08-19,N/A
D0111,Young Solutions,Corporate,Adelaide,SA,donor111@email.com,2022-09-06,N/A
D0112,Jackson Jones,Individual,Wollongong,NSW,donor112@email.com,2023-01-01,36-45
D0113,Michael Gomez,Individual,Perth,WA,donor113@email.com,2022-02-11,26-35
D0114,Isabella White,Individual,Brisbane,QLD,donor114@email.com,2022-02-02,46-55
D0115,Avery Green,Individual,Hobart,TAS,donor115@email.com,2022-02-01,26-35
D0116,Chloe Johnson,Individual,Cairns,QLD,donor116@email.com,2022-10-22,46-55
D0117,Alexander King,Individual,Darwin,NT,donor117@email.com,2022-07-19,46-55
D0118,Gomez Solutions,Corporate,Gold Coast,QLD,donor118@email.com,2022-04-23,N/A
D0119,Sofia Mitchell,Individual,Darwin,NT,donor119@email.com,2022-01-15,46-55
D0120,Elizabeth Anderson,Individual,Canberra,ACT,donor120@email.com,2022-08-28,26-35
D0121,Elizabeth Turner,Individual,Newcastle,NSW,donor121@email.com,2022-10-16,65+
D0122,Sofia Wilson,Individual,Melbourne,VIC,donor122@email.com,2022-08-25,26-35
D0123,Michael White,Individual,Melbourne,VIC,donor123@email.com,2022-08-21,36-45
D0124,Hill Holdings,Corporate,Canberra,ACT,donor124@email.com,2022-08-04,N/A
D0125,Rivera Pty Ltd,Corporate,Adelaide,SA,donor125@email.com,2022-10-04,N/A
D0126,Melbourne City Council,Government,Melbourne,VIC,donor126@email.com,2022-06-29,N/A
D0127,Noah Johnson,Individual,Perth,WA,donor127@email.com,2022-05-07,26-35
D0128,Isabella Martin,Individual,Cairns,QLD,donor128@email.com,2022-03-06,46-55
D0129,Charlotte Baker,Individual,Wollongong,NSW,donor129@email.com,2022-12-25,36-45
D0130,David Diaz,Individual,Townsville,QLD,donor130@email.com,2022-02-28,26-35
D0131,Olivia King,Individual,Adelaide,SA,donor131@email.com,2022-10-22,65+
D0132,Toowoomba City Council,Government,Toowoomba,QLD,donor132@email.com,2022-07-23,N/A
D0133,Chloe Martin,Individual,Geelong,VIC,donor133@email.com,2022-02-22,65+
D0134,David Davis,Individual,Townsville,QLD,donor134@email.com,2022-10-17,18-25
D0135,Emily Jones,Individual,Canberra,ACT,donor135@email.com,2022-09-17,65+
D0136,Henry Mitchell,Individual,Canberra,ACT,donor136@email.com,2022-02-24,46-55
D0137,Avery Taylor,Individual,Canberra,ACT,donor137@email.com,2022-08-11,26-35
D0138,Harper Parker,Individual,Geelong,VIC,donor138@email.com,2022-10-03,46-55
D0139,Chloe Young,Individual,Darwin,NT,donor139@email.com,2022-06-15,26-35
D0140,Young Foundation,Foundation,Cairns,QLD,donor140@email.com,2022-08-19,N/A
D0141,Evans Solutions,Corporate,Perth,WA,donor141@email.com,2022-12-09,N/A
D0142,Ella Wright,Individual,Hobart,TAS,donor142@email.com,2022-04-04,46-55
D0143,Logan Scott,Individual,Perth,WA,donor143@email.com,2022-05-24,56-65
D0144,Phillips Foundation,Foundation,Geelong,VIC,donor144@email.com,2022-01-06,N/A
D0145,Garcia Foundation,Foundation,Gold Coast,QLD,donor145@email.com,2022-05-04,N/A
D0146,Grace Martin,Individual,Geelong,VIC,donor146@email.com,2022-12-20,46-55
D0147,Nelson Pty Ltd,Corporate,Wollongong,NSW,donor147@email.com,2022-02-17,N/A
D0148,Amelia King,Individual,Adelaide,SA,donor148@email.com,2022-12-06,56-65
D0149,Scarlett Torres,Individual,Canberra,ACT,donor149@email.com,2022-08-06,65+
D0150,Avery Young,Individual,Gold Coast,QLD,donor150@email.com,2022-06-06,36-45
D0151,Lucas Wright,Individual,Perth,WA,donor151@email.com,2022-03-03,65+
D0152,Gold Coast City Council,Government,Gold Coast,QLD,donor152@email.com,2022-12-20,N/A
D0153,Sebastian Young,Individual,Brisbane,QLD,donor153@email.com,2022-10-29,56-65
D0154,Oliver Jackson,Individual,Newcastle,NSW,donor154@email.com,2022-06-01,26-35
D0155,Liam Gomez,Individual,Canberra,ACT,donor155@email.com,2022-03-06,36-45
D0156,Melbourne City Council,Government,Melbourne,VIC,donor156@email.com,2022-10-11,N/A
D0157,William Mitchell,Individual,Adelaide,SA,donor157@email.com,2022-02-22,18-25
D0158,Sebastian Nelson,Individual,Newcastle,NSW,donor158@email.com,2022-06-24,26-35
D0159,Sebastian Davis,Individual,Melbourne,VIC,donor159@email.com,2022-02-03,46-55
D0160,Emma Taylor,Individual,Darwin,NT,donor160@email.com,2022-03-18,56-65
D0161,Amelia Davis,Individual,Adelaide,SA,donor161@email.com,2022-10-13,46-55
D0162,Victoria Harris,Individual,Newcastle,NSW,donor162@email.com,2022-09-25,46-55
D0163,King Foundation,Foundation,Darwin,NT,donor163@email.com,2022-10-29,N/A
D0164,Victoria Brown,Individual,Hobart,TAS,donor164@email.com,2022-11-09,65+
D0165,White Foundation,Foundation,Sydney,NSW,donor165@email.com,2022-11-17,N/A
D0166,Sophia Anderson,Individual,Perth,WA,donor166@email.com,2022-05-03,26-35
D0167,Liam Green,Individual,Gold Coast,QLD,donor167@email.com,2022-08-19,65+
D0168,Noah Harris,Individual,Newcastle,NSW,donor168@email.com,2022-05-28,65+
D0169,Baker Pty Ltd,Corporate,Adelaide,SA,donor169@email.com,2022-12-18,N/A
D0170,Turner Foundation,Foundation,Perth,WA,donor170@email.com,2022-12-05,N/A
D0171,Adams Foundation,Foundation,Townsville,QLD,donor171@email.com,2022-02-28,N/A
D0172,Isabella Young,Individual,Gold Coast,QLD,donor172@email.com,2022-03-14,18-25
D0173,Evelyn Diaz,Individual,Melbourne,VIC,donor173@email.com,2022-10-19,36-45
D0174,Evelyn Flores,Individual,Darwin,NT,donor174@email.com,2022-05-20,56-65
D0175,Sophia Diaz,Individual,Gold Coast,QLD,donor175@email.com,2022-01-21,46-55
D0176,Logan Johnson,Individual,Geelong,VIC,donor176@email.com,2022-02-16,26-35
D0177,Evans Solutions,Corporate,Wollongong,NSW,donor177@email.com,2022-01-11,N/A
D0178,Harper Evans,Individual,Townsville,QLD,donor178@email.com,2022-01-21,26-35
D0179,Jackson Young,Individual,Darwin,NT,donor179@email.com,2022-04-03,56-65
D0180,Ella Garcia,Individual,Hobart,TAS,donor180@email.com,2022-08-29,36-45
D0181,Oliver Anderson,Individual,Hobart,TAS,donor181@email.com,2022-06-18,46-55
D0182,Elizabeth Phillips,Individual,Geelong,VIC,donor182@email.com,2022-01-19,46-55
D0183,Michael Davis,Individual,Sydney,NSW,donor183@email.com,2022-07-26,56-65
D0184,Cairns City Council,Government,Cairns,QLD,donor184@email.com,2022-12-03,N/A
D0185,Henry Brown,Individual,Cairns,QLD,donor185@email.com,2022-04-07,56-65
D0186,Ella Nelson,Individual,Canberra,ACT,donor186@email.com,2022-01-27,26-35
D0187,Jacob Nelson,Individual,Adelaide,SA,donor187@email.com,2022-12-24,46-55
D0188,David Martin,Individual,Sydney,NSW,donor188@email.com,2022-12-30,26-35
D0189,Grace Green,Individual,Adelaide,SA,donor189@email.com,2022-02-17,26-35
D0190,Baker Foundation,Foundation,Cairns,QLD,donor190@email.com,2022-03-02,N/A
D0191,Mitchell Holdings,Corporate,Wollongong,NSW,donor191@email.com,2022-09-18,N/A
D0192,Sebastian Rivera,Individual,Geelong,VIC,donor192@email.com,2022-05-05,46-55
D0193,Lucas Diaz,Individual,Gold Coast,QLD,donor193@email.com,2022-09-18,65+
D0194,James Young,Individual,Toowoomba,QLD,donor194@email.com,2022-08-01,36-45
D0195,Young Pty Ltd,Corporate,Toowoomba,QLD,donor195@email.com,2022-05-25,N/A
D0196,Chloe Turner,Individual,Geelong,VIC,donor196@email.com,2022-12-04,46-55
D0197,Matthew Rivera,Individual,Cairns,QLD,donor197@email.com,2022-06-26,36-45
D0198,Hill Services,Corporate,Gold Coast,QLD,donor198@email.com,2022-06-14,N/A
D0199,Amelia Evans,Individual,Cairns,QLD,donor199@email.com,2022-07-16,26-35
D0200,Williams Holdings,Corporate,Cairns,QLD,donor200@email.com,2022-08-31,N/A
D0201,Hill Foundation,Foundation,Geelong,VIC,donor201@email.com,2022-07-17,N/A
D0202,Taylor Services,Corporate,Wollongong,NSW,donor202@email.com,2022-01-19,N/A
D0203,Chloe Scott,Individual,Brisbane,QLD,donor203@email.com,2022-02-21,46-55
D0204,Avery Smith,Individual,Sydney,NSW,donor204@email.com,2022-03-15,46-55
D0205,Isabella Jones,Individual,Cairns,QLD,donor205@email.com,2022-08-29,36-45
D0206,Elizabeth Garcia,Individual,Canberra,ACT,donor206@email.com,2022-06-18,65+
D0207,Michael Mitchell,Individual,Cairns,QLD,donor207@email.com,2022-10-05,18-25
D0208,Jacob Harris,Individual,Newcastle,NSW,donor208@email.com,2022-02-16,46-55
D0209,Miller Services,Corporate,Sydney,NSW,donor209@email.com,2022-03-27,N/A
D0210,Olivia Williams,Individual,Geelong,VIC,donor210@email.com,2022-06-16,18-25
D0211,Sofia Taylor,Individual,Adelaide,SA,donor211@email.com,2022-05-06,56-65
D0212,Mia Anderson,Individual,Hobart,TAS,donor212@email.com,2022-03-31,18-25
D0213,Parker Foundation,Foundation,Newcastle,NSW,donor213@email.com,2022-12-16,N/A
D0214,Chloe Taylor,Individual,Perth,WA,donor214@email.com,2022-04-29,46-55
D0215,Logan Smith,Individual,Wollongong,NSW,donor215@email.com,2022-08-27,36-45
D0216,James Nelson,Individual,Wollongong,NSW,donor216@email.com,2022-06-26,56-65
D0217,Sofia Thompson,Individual,Adelaide,SA,donor217@email.com,2022-08-22,36-45
D0218,Perth City Council,Government,Perth,WA,donor218@email.com,2022-09-05,N/A
D0219,Samuel Torres,Individual,Sydney,NSW,donor219@email.com,2022-10-22,36-45
D0220,Elizabeth Young,Individual,Geelong,VIC,donor220@email.com,2022-01-05,56-65
D0221,Emma Diaz,Individual,Cairns,QLD,donor221@email.com,2022-09-12,36-45
D0222,Diaz Holdings,Corporate,Townsville,QLD,donor222@email.com,2022-04-23,N/A
D0223,Logan Wilson,Individual,Wollongong,NSW,donor223@email.com,2022-11-18,18-25
D0224,Noah King,Individual,Toowoomba,QLD,donor224@email.com,2022-08-14,18-25
D0225,William Garcia,Individual,Newcastle,NSW,donor225@email.com,2022-06-01,36-45
D0226,Lucas Wilson,Individual,Geelong,VIC,donor226@email.com,2022-10-04,36-45
D0227,Harper Anderson,Individual,Gold Coast,QLD,donor227@email.com,2022-05-12,46-55
D0228,Abigail Davis,Individual,Townsville,QLD,donor228@email.com,2022-08-28,18-25
D0229,Harris Services,Corporate,Brisbane,QLD,donor229@email.com,2022-10-13,N/A
D0230,Elizabeth Smith,Individual,Canberra,ACT,donor230@email.com,2022-05-16,56-65
D0231,Logan Turner,Individual,Sydney,NSW,donor231@email.com,2022-07-15,65+
D0232,Mason Rivera,Individual,Canberra,ACT,donor232@email.com,2022-01-13,56-65
D0233,Wright Foundation,Foundation,Toowoomba,QLD,donor233@email.com,2022-11-09,N/A
D0234,Avery King,Individual,Perth,WA,donor234@email.com,2022-11-29,46-55
D0235,Noah King,Individual,Sydney,NSW,donor235@email.com,2022-09-10,18-25
D0236,Matthew Wilson,Individual,Sydney,NSW,donor236@email.com,2022-07-18,46-55
D0237,Matthew Green,Individual,Canberra,ACT,donor237@email.com,2022-10-28,65+
D0238,Henry Miller,Individual,Geelong,VIC,donor238@email.com,2022-09-08,56-65
D0239,Young Foundation,Foundation,Hobart,TAS,donor239@email.com,2022-01-17,N/A
D0240,Jackson Nelson,Individual,Geelong,VIC,donor240@email.com,2022-05-01,36-45
D0241,Sydney City Council,Government,Sydney,NSW,donor241@email.com,2022-07-08,N/A
D0242,Torres Foundation,Foundation,Gold Coast,QLD,donor242@email.com,2022-02-01,N/A
D0243,Ava Baker,Individual,Hobart,TAS,donor243@email.com,2022-02-16,65+
D0244,David Johnson,Individual,Perth,WA,donor244@email.com,2022-01-26,36-45
D0245,Perth City Council,Government,Perth,WA,donor245@email.com,2022-10-17,N/A
D0246,Grace White,Individual,Perth,WA,donor246@email.com,2022-10-28,26-35
D0247,Scott Foundation,Foundation,Cairns,QLD,donor247@email.com,2022-03-17,N/A
D0248,Smith Foundation,Foundation,Townsville,QLD,donor248@email.com,2022-05-22,N/A
D0249,Cairns City Council,Government,Cairns,QLD,donor249@email.com,2022-03-08,N/A
D0250,Mia Davis,Individual,Gold Coast,QLD,donor250@email.com,2022-12-05,18-25
D0251,Amelia Turner,Individual,Brisbane,QLD,donor251@email.com,2022-06-15,18-25
D0252,William Green,Individual,Brisbane,QLD,donor252@email.com,2022-09-27,18-25
D0253,Jackson Nguyen,Individual,Geelong,VIC,donor253@email.com,2022-09-20,56-65
D0254,Mason Parker,Individual,Sydney,NSW,donor254@email.com,2022-01-23,65+
D0255,Roberts Foundation,Foundation,Townsville,QLD,donor255@email.com,2022-06-04,N/A
D0256,Olivia Brown,Individual,Darwin,NT,donor256@email.com,2022-09-03,46-55
D0257,Ella Nelson,Individual,Hobart,TAS,donor257@email.com,2022-02-07,18-25
D0258,James Wilson,Individual,Canberra,ACT,donor258@email.com,2022-05-21,56-65
D0259,Michael Hill,Individual,Wollongong,NSW,donor259@email.com,2022-11-02,56-65
D0260,David Adams,Individual,Adelaide,SA,donor260@email.com,2022-02-20,65+
D0261,Phillips Foundation,Foundation,Sydney,NSW,donor261@email.com,2022-04-21,N/A
D0262,Mason Green,Individual,Hobart,TAS,donor262@email.com,2022-06-23,46-55
D0263,Oliver Wright,Individual,Hobart,TAS,donor263@email.com,2022-08-07,36-45
D0264,Isabella Rivera,Individual,Wollongong,NSW,donor264@email.com,2022-02-04,18-25
D0265,Sofia Miller,Individual,Cairns,QLD,donor265@email.com,2022-07-10,26-35
D0266,Grace Phillips,Individual,Gold Coast,QLD,donor266@email.com,2022-06-18,65+
D0267,Sofia Brown,Individual,Sydney,NSW,donor267@email.com,2022-05-28,56-65
D0268,Samuel Carter,Individual,Adelaide,SA,donor268@email.com,2022-04-19,26-35
D0269,Oliver Torres,Individual,Wollongong,NSW,donor269@email.com,2022-10-12,36-45
D0270,Evans Group,Corporate,Sydney,NSW,donor270@email.com,2022-08-08,N/A
D0271,Victoria Parker,Individual,Cairns,QLD,donor271@email.com,2022-12-12,65+
D0272,Harper Johnson,Individual,Gold Coast,QLD,donor272@email.com,2022-04-03,36-45
D0273,Scott Holdings,Corporate,Geelong,VIC,donor273@email.com,2022-01-04,N/A
D0274,Evans Foundation,Foundation,Brisbane,QLD,donor274@email.com,2022-12-03,N/A
D0275,Olivia Garcia,Individual,Hobart,TAS,donor275@email.com,2022-09-29,26-35
D0276,Abigail Anderson,Individual,Hobart,TAS,donor276@email.com,2022-07-09,36-45
D0277,Samuel Diaz,Individual,Geelong,VIC,donor277@email.com,2022-02-13,18-25
D0278,Victoria Brown,Individual,Brisbane,QLD,donor278@email.com,2022-12-12,18-25
D0279,Sofia Mitchell,Individual,Adelaide,SA,donor279@email.com,2022-11-07,46-55
D0280,Aiden Davis,Individual,Hobart,TAS,donor280@email.com,2022-06-26,46-55
D0281,Chloe Mitchell,Individual,Sydney,NSW,donor281@email.com,2022-09-27,65+
D0282,Elizabeth Diaz,Individual,Adelaide,SA,donor282@email.com,2022-01-29,18-25
D0283,Charlotte Wilson,Individual,Perth,WA,donor283@email.com,2022-05-11,36-45
D0284,Ella Adams,Individual,Canberra,ACT,donor284@email.com,2022-03-31,26-35
D0285,Mason Carter,Individual,Hobart,TAS,donor285@email.com,2022-10-14,65+
D0286,Elizabeth Williams,Individual,Townsville,QLD,donor286@email.com,2022-08-12,18-25
D0287,Wright Foundation,Foundation,Darwin,NT,donor287@email.com,2022-10-22,N/A
D0288,Henry Allen,Individual,Hobart,TAS,donor288@email.com,2022-02-28,46-55
D0289,Melbourne City Council,Government,Melbourne,VIC,donor289@email.com,2022-03-29,N/A
D0290,Baker Foundation,Foundation,Townsville,QLD,donor290@email.com,2022-12-20,N/A
D0291,Sofia Miller,Individual,Toowoomba,QLD,donor291@email.com,2022-05-05,46-55
D0292,Sophia Flores,Individual,Newcastle,NSW,donor292@email.com,2022-06-08,65+
D0293,Ethan Jones,Individual,Canberra,ACT,donor293@email.com,2022-09-19,65+
D0294,Lucas Torres,Individual,Sydney,NSW,donor294@email.com,2022-06-29,65+
D0295,Isabella Martin,Individual,Cairns,QLD,donor295@email.com,2022-02-22,26-35
D0296,David Taylor,Individual,Adelaide,SA,donor296@email.com,2022-12-02,18-25
D0297,Brisbane City Council,Government,Brisbane,QLD,donor297@email.com,2022-11-18,N/A
D0298,Samuel Turner,Individual,Darwin,NT,donor298@email.com,2022-08-18,65+
D0299,Parker Foundation,Foundation,Toowoomba,QLD,donor299@email.com,2022-06-15,N/A
D0300,Cairns City Council,Government,Cairns,QLD,donor300@email.com,2022-06-11,N/A
D0301,Sebastian Nelson,Individual,Brisbane,QLD,donor301@email.com,2022-11-20,36-45
D0302,Emma Torres,Individual,Townsville,QLD,donor302@email.com,2022-09-17,18-25
D0303,Noah Brown,Individual,Adelaide,SA,donor303@email.com,2022-07-08,36-45
D0304,Sophia Parker,Individual,Sydney,NSW,donor304@email.com,2022-11-01,56-65
D0305,Grace Williams,Individual,Hobart,TAS,donor305@email.com,2022-08-19,56-65
D0306,David Rivera,Individual,Wollongong,NSW,donor306@email.com,2022-09-14,26-35
D0307,Abigail Garcia,Individual,Melbourne,VIC,donor307@email.com,2022-09-16,65+
D0308,Jackson Nelson,Individual,Brisbane,QLD,donor308@email.com,2022-09-26,56-65
D0309,Emily Allen,Individual,Newcastle,NSW,donor309@email.com,2022-07-18,46-55
D0310,David Brown,Individual,Townsville,QLD,donor310@email.com,2022-11-20,65+
D0311,Oliver Phillips,Individual,Canberra,ACT,donor311@email.com,2022-12-14,46-55
D0312,David Taylor,Individual,Adelaide,SA,donor312@email.com,2022-06-20,18-25
D0313,Alexander King,Individual,Newcastle,NSW,donor313@email.com,2022-12-02,65+
D0314,David Garcia,Individual,Wollongong,NSW,donor314@email.com,2022-06-08,56-65
D0315,Abigail Wilson,Individual,Hobart,TAS,donor315@email.com,2022-12-10,65+
D0316,Roberts Foundation,Foundation,Cairns,QLD,donor316@email.com,2022-02-17,N/A
D0317,Aiden Nguyen,Individual,Wollongong,NSW,donor317@email.com,2022-01-10,36-45
D0318,Charlotte Scott,Individual,Adelaide,SA,donor318@email.com,2022-09-06,26-35
D0319,Perth City Council,Government,Perth,WA,donor319@email.com,2022-03-21,N/A
D0320,Oliver Carter,Individual,Sydney,NSW,donor320@email.com,2022-10-04,65+
D0321,Abigail Parker,Individual,Toowoomba,QLD,donor321@email.com,2022-03-09,56-65
D0322,Mia Parker,Individual,Hobart,TAS,donor322@email.com,2022-03-26,65+
D0323,Emily Martin,Individual,Darwin,NT,donor323@email.com,2022-08-16,56-65
D0324,Nelson Group,Corporate,Adelaide,SA,donor324@email.com,2022-10-01,N/A
D0325,Sebastian Jackson,Individual,Perth,WA,donor325@email.com,2022-07-08,65+
D0326,Newcastle City Council,Government,Newcastle,NSW,donor326@email.com,2022-08-25,N/A
D0327,Daniel Carter,Individual,Townsville,QLD,donor327@email.com,2022-09-28,46-55
D0328,Diaz Group,Corporate,Brisbane,QLD,donor328@email.com,2022-05-09,N/A
D0329,Emily Phillips,Individual,Melbourne,VIC,donor329@email.com,2022-02-22,65+
D0330,Ava Allen,Individual,Cairns,QLD,donor330@email.com,2022-02-12,26-35
D0331,Aiden Taylor,Individual,Adelaide,SA,donor331@email.com,2022-08-12,18-25
D0332,Jackson Torres,Individual,Toowoomba,QLD,donor332@email.com,2022-01-14,46-55
D0333,Emily Martin,Individual,Melbourne,VIC,donor333@email.com,2022-07-17,18-25
D0334,Michael Miller,Individual,Canberra,ACT,donor334@email.com,2023-01-01,65+
D0335,Wilson Pty Ltd,Corporate,Canberra,ACT,donor335@email.com,2022-05-27,N/A
D0336,Wilson Services,Corporate,Toowoomba,QLD,donor336@email.com,2022-08-18,N/A
D0337,Sophia Johnson,Individual,Newcastle,NSW,donor337@email.com,2022-05-12,26-35
D0338,David Roberts,Individual,Cairns,QLD,donor338@email.com,2022-08-05,18-25
D0339,Evelyn Davis,Individual,Townsville,QLD,donor339@email.com,2022-01-25,26-35
D0340,Victoria Baker,Individual,Hobart,TAS,donor340@email.com,2022-02-02,18-25
D0341,Diaz Foundation,Foundation,Cairns,QLD,donor341@email.com,2022-10-02,N/A
D0342,Samuel Martin,Individual,Melbourne,VIC,donor342@email.com,2022-03-15,36-45
D0343,Alexander Martin,Individual,Hobart,TAS,donor343@email.com,2022-10-20,46-55
D0344,Sophia Roberts,Individual,Brisbane,QLD,donor344@email.com,2022-07-04,18-25
D0345,Aiden Phillips,Individual,Gold Coast,QLD,donor345@email.com,2022-01-11,46-55
D0346,Daniel Nguyen,Individual,Cairns,QLD,donor346@email.com,2022-05-10,65+
D0347,James Torres,Individual,Melbourne,VIC,donor347@email.com,2022-05-04,65+
D0348,Chloe Scott,Individual,Wollongong,NSW,donor348@email.com,2022-03-10,18-25
D0349,Mia Baker,Individual,Canberra,ACT,donor349@email.com,2022-12-23,46-55
D0350,William Jones,Individual,Wollongong,NSW,donor350@email.com,2022-08-23,18-25
D0351,Lucas Williams,Individual,Adelaide,SA,donor351@email.com,2022-06-11,36-45
D0352,Matthew Rivera,Individual,Gold Coast,QLD,donor352@email.com,2022-05-10,18-25
D0353,Jacob Torres,Individual,Townsville,QLD,donor353@email.com,2022-01-25,65+
D0354,Emily Adams,Individual,Canberra,ACT,donor354@email.com,2022-07-24,65+
D0355,Hill Foundation,Foundation,Darwin,NT,donor355@email.com,2022-06-23,N/A
D0356,Ella Nguyen,Individual,Brisbane,QLD,donor356@email.com,2022-09-23,36-45
D0357,Sofia Garcia,Individual,Townsville,QLD,donor357@email.com,2022-08-09,56-65
D0358,Jacob Wright,Individual,Cairns,QLD,donor358@email.com,2022-02-22,18-25
D0359,Evelyn Nelson,Individual,Canberra,ACT,donor359@email.com,2022-11-05,65+
D0360,Jackson Torres,Individual,Hobart,TAS,donor360@email.com,2022-08-17,18-25
D0361,Torres Foundation,Foundation,Geelong,VIC,donor361@email.com,2022-11-11,N/A
D0362,Emma Jones,Individual,Hobart,TAS,donor362@email.com,2022-12-10,65+
D0363,Ethan Johnson,Individual,Hobart,TAS,donor363@email.com,2022-03-15,56-65
D0364,Williams Group,Corporate,Wollongong,NSW,donor364@email.com,2022-02-04,N/A
D0365,Nguyen Holdings,Corporate,Perth,WA,donor365@email.com,2022-07-16,N/A
D0366,Isabella Nelson,Individual,Newcastle,NSW,donor366@email.com,2022-07-09,36-45
D0367,Evans Group,Corporate,Darwin,NT,donor367@email.com,2022-09-29,N/A
D0368,Harper Martin,Individual,Canberra,ACT,donor368@email.com,2022-02-28,18-25
D0369,Scarlett Hill,Individual,Geelong,VIC,donor369@email.com,2022-10-15,18-25
D0370,Nelson Group,Corporate,Adelaide,SA,donor370@email.com,2022-11-10,N/A
D0371,Ella Jackson,Individual,Adelaide,SA,donor371@email.com,2022-03-04,26-35
D0372,Mia Nelson,Individual,Cairns,QLD,donor372@email.com,2022-02-14,65+
D0373,Cairns City Council,Government,Cairns,QLD,donor373@email.com,2022-12-08,N/A
D0374,Phillips Solutions,Corporate,Canberra,ACT,donor374@email.com,2022-05-29,N/A
D0375,Ethan Thomas,Individual,Toowoomba,QLD,donor375@email.com,2022-07-05,56-65
D0376,Lucas Wilson,Individual,Perth,WA,donor376@email.com,2022-05-02,46-55
D0377,Samuel Nguyen,Individual,Melbourne,VIC,donor377@email.com,2022-08-28,56-65
D0378,Sophia Jones,Individual,Brisbane,QLD,donor378@email.com,2022-06-08,46-55
D0379,Roberts Services,Corporate,Geelong,VIC,donor379@email.com,2022-07-29,N/A
D0380,William Wright,Individual,Cairns,QLD,donor380@email.com,2022-11-25,18-25
D0381,Scarlett Torres,Individual,Darwin,NT,donor381@email.com,2022-03-07,56-65
D0382,William Adams,Individual,Wollongong,NSW,donor382@email.com,2022-09-15,18-25
D0383,Isabella King,Individual,Cairns,QLD,donor383@email.com,2022-03-26,26-35
D0384,Harris Foundation,Foundation,Canberra,ACT,donor384@email.com,2022-06-27,N/A
D0385,Garcia Foundation,Foundation,Gold Coast,QLD,donor385@email.com,2022-05-09,N/A
D0386,Grace Young,Individual,Perth,WA,donor386@email.com,2022-03-06,65+
D0387,Sophia Carter,Individual,Adelaide,SA,donor387@email.com,2022-11-25,26-35
D0388,Taylor Foundation,Foundation,Newcastle,NSW,donor388@email.com,2022-03-29,N/A
D0389,David Scott,Individual,Wollongong,NSW,donor389@email.com,2022-10-16,18-25
D0390,Garcia Foundation,Foundation,Cairns,QLD,donor390@email.com,2022-01-24,N/A
D0391,Thompson Group,Corporate,Wollongong,NSW,donor391@email.com,2022-10-20,N/A
D0392,Olivia Mitchell,Individual,Hobart,TAS,donor392@email.com,2022-11-18,56-65
D0393,Evelyn Rivera,Individual,Adelaide,SA,donor393@email.com,2022-05-06,65+
D0394,James Brown,Individual,Hobart,TAS,donor394@email.com,2022-03-22,46-55
D0395,Charlotte Scott,Individual,Hobart,TAS,donor395@email.com,2022-11-07,26-35
D0396,Wright Foundation,Foundation,Canberra,ACT,donor396@email.com,2022-06-26,N/A
D0397,Emily Carter,Individual,Hobart,TAS,donor397@email.com,2022-10-15,18-25
D0398,Ava Young,Individual,Canberra,ACT,donor398@email.com,2022-08-19,26-35
D0399,Jacob Hill,Individual,Brisbane,QLD,donor399@email.com,2022-11-12,46-55
D0400,Perth City Council,Government,Perth,WA,donor400@email.com,2022-03-23,N/A
D0401,Samuel Wright,Individual,Cairns,QLD,donor401@email.com,2022-04-08,26-35
D0402,Darwin City Council,Government,Darwin,NT,donor402@email.com,2022-08-28,N/A
D0403,Mitchell Foundation,Foundation,Darwin,NT,donor403@email.com,2022-01-12,N/A
D0404,Carter Foundation,Foundation,Sydney,NSW,donor404@email.com,2022-08-23,N/A
D0405,Alexander Brown,Individual,Perth,WA,donor405@email.com,2022-01-26,36-45
D0406,Sebastian Allen,Individual,Darwin,NT,donor406@email.com,2022-10-02,18-25
D0407,William Thompson,Individual,Cairns,QLD,donor407@email.com,2022-07-07,46-55
D0408,Emma Evans,Individual,Canberra,ACT,donor408@email.com,2022-10-15,26-35
D0409,James Hill,Individual,Canberra,ACT,donor409@email.com,2022-09-16,46-55
D0410,Victoria Parker,Individual,Townsville,QLD,donor410@email.com,2022-03-02,26-35
D0411,Abigail Phillips,Individual,Sydney,NSW,donor411@email.com,2022-07-07,26-35
D0412,Elizabeth Carter,Individual,Perth,WA,donor412@email.com,2022-01-21,18-25
D0413,Abigail Rivera,Individual,Melbourne,VIC,donor413@email.com,2022-09-23,46-55
D0414,Aiden Wilson,Individual,Brisbane,QLD,donor414@email.com,2022-06-17,56-65
D0415,Victoria King,Individual,Canberra,ACT,donor415@email.com,2022-10-31,36-45
D0416,Gomez Services,Corporate,Gold Coast,QLD,donor416@email.com,2022-12-29,N/A
D0417,Olivia Nguyen,Individual,Newcastle,NSW,donor417@email.com,2022-06-19,65+
D0418,Sydney City Council,Government,Sydney,NSW,donor418@email.com,2022-10-26,N/A
D0419,Johnson Solutions,Corporate,Adelaide,SA,donor419@email.com,2022-08-31,N/A
D0420,Adelaide City Council,Government,Adelaide,SA,donor420@email.com,2022-10-24,N/A
D0421,Emma Turner,Individual,Newcastle,NSW,donor421@email.com,2022-09-03,26-35
D0422,Victoria Hill,Individual,Gold Coast,QLD,donor422@email.com,2022-03-17,65+
D0423,Ava Jackson,Individual,Perth,WA,donor423@email.com,2022-01-10,46-55
D0424,Henry White,Individual,Canberra,ACT,donor424@email.com,2022-07-30,56-65
D0425,Sebastian Brown,Individual,Townsville,QLD,donor425@email.com,2022-12-28,26-35
D0426,Michael Rivera,Individual,Gold Coast,QLD,donor426@email.com,2022-09-27,46-55
D0427,Canberra City Council,Government,Canberra,ACT,donor427@email.com,2022-08-24,N/A
D0428,Matthew Torres,Individual,Toowoomba,QLD,donor428@email.com,2022-12-13,65+
D0429,Logan Parker,Individual,Wollongong,NSW,donor429@email.com,2022-09-05,26-35
D0430,Evelyn Harris,Individual,Perth,WA,donor430@email.com,2022-06-02,36-45
D0431,Ella Wright,Individual,Geelong,VIC,donor431@email.com,2022-09-03,36-45
D0432,Young Foundation,Foundation,Gold Coast,QLD,donor432@email.com,2022-05-28,N/A
D0433,Matthew Hill,Individual,Sydney,NSW,donor433@email.com,2022-07-22,36-45
D0434,Allen Pty Ltd,Corporate,Townsville,QLD,donor434@email.com,2022-05-28,N/A
D0435,Jackson Thompson,Individual,Geelong,VIC,donor435@email.com,2022-09-03,26-35
D0436,Young Solutions,Corporate,Perth,WA,donor436@email.com,2022-12-23,N/A
D0437,Victoria Turner,Individual,Adelaide,SA,donor437@email.com,2022-05-03,26-35
D0438,Scarlett Harris,Individual,Melbourne,VIC,donor438@email.com,2022-11-23,26-35
D0439,Abigail Rivera,Individual,Melbourne,VIC,donor439@email.com,2022-02-21,65+
D0440,Grace Anderson,Individual,Townsville,QLD,donor440@email.com,2022-07-28,65+
D0441,Rivera Foundation,Foundation,Toowoomba,QLD,donor441@email.com,2022-09-02,N/A
D0442,Jacob Wright,Individual,Wollongong,NSW,donor442@email.com,2022-05-27,65+
D0443,Garcia Foundation,Foundation,Melbourne,VIC,donor443@email.com,2022-11-30,N/A
D0444,Noah Thomas,Individual,Newcastle,NSW,donor444@email.com,2022-08-02,26-35
D0445,Flores Foundation,Foundation,Toowoomba,QLD,donor445@email.com,2022-09-11,N/A
D0446,Allen Foundation,Foundation,Brisbane,QLD,donor446@email.com,2022-01-20,N/A
D0447,David Miller,Individual,Melbourne,VIC,donor447@email.com,2022-06-21,36-45
D0448,Darwin City Council,Government,Darwin,NT,donor448@email.com,2022-10-06,N/A
D0449,William Carter,Individual,Gold Coast,QLD,donor449@email.com,2022-08-28,36-45
D0450,Scott Group,Corporate,Perth,WA,donor450@email.com,2022-08-23,N/A
D0451,Mia Smith,Individual,Wollongong,NSW,donor451@email.com,2022-06-22,36-45
D0452,Lucas Thomas,Individual,Newcastle,NSW,donor452@email.com,2022-11-09,65+
D0453,Sofia Carter,Individual,Toowoomba,QLD,donor453@email.com,2022-06-17,18-25
D0454,Mia Wilson,Individual,Hobart,TAS,donor454@email.com,2022-09-02,36-45
D0455,Logan Hill,Individual,Toowoomba,QLD,donor455@email.com,2022-05-01,46-55
D0456,Abigail King,Individual,Townsville,QLD,donor456@email.com,2022-10-26,65+
D0457,Emily Martin,Individual,Newcastle,NSW,donor457@email.com,2022-02-01,65+
D0458,Ethan Flores,Individual,Sydney,NSW,donor458@email.com,2022-12-18,56-65
D0459,King Foundation,Foundation,Toowoomba,QLD,donor459@email.com,2022-12-20,N/A
D0460,Jacob Nguyen,Individual,Sydney,NSW,donor460@email.com,2022-11-11,26-35
D0461,Perth City Council,Government,Perth,WA,donor461@email.com,2022-09-02,N/A
D0462,David Nguyen,Individual,Brisbane,QLD,donor462@email.com,2022-08-01,65+
D0463,Gomez Foundation,Foundation,Gold Coast,QLD,donor463@email.com,2022-12-07,N/A
D0464,Amelia Diaz,Individual,Cairns,QLD,donor464@email.com,2022-02-11,56-65
D0465,Emily Jones,Individual,Darwin,NT,donor465@email.com,2022-10-16,18-25
D0466,Carter Group,Corporate,Melbourne,VIC,donor466@email.com,2022-10-21,N/A
D0467,Michael Roberts,Individual,Gold Coast,QLD,donor467@email.com,2022-08-15,18-25
D0468,Chloe Mitchell,Individual,Wollongong,NSW,donor468@email.com,2022-02-16,56-65
D0469,Baker Group,Corporate,Darwin,NT,donor469@email.com,2022-09-20,N/A
D0470,Emma Phillips,Individual,Hobart,TAS,donor470@email.com,2022-08-25,65+
D0471,Olivia Flores,Individual,Townsville,QLD,donor471@email.com,2022-05-11,18-25
D0472,James Williams,Individual,Geelong,VIC,donor472@email.com,2022-08-05,36-45
D0473,Emma Jones,Individual,Geelong,VIC,donor473@email.com,2022-08-30,18-25
D0474,William Green,Individual,Adelaide,SA,donor474@email.com,2022-07-11,46-55
D0475,Hill Foundation,Foundation,Darwin,NT,donor475@email.com,2022-07-12,N/A
D0476,Matthew Wilson,Individual,Sydney,NSW,donor476@email.com,2022-12-01,36-45
D0477,Matthew Flores,Individual,Sydney,NSW,donor477@email.com,2022-09-28,26-35
D0478,Geelong City Council,Government,Geelong,VIC,donor478@email.com,2022-01-02,N/A
D0479,Evelyn Baker,Individual,Townsville,QLD,donor479@email.com,2022-12-11,65+
D0480,Daniel Harris,Individual,Gold Coast,QLD,donor480@email.com,2022-05-07,46-55
D0481,Lucas Davis,Individual,Canberra,ACT,donor481@email.com,2022-01-17,65+
D0482,Olivia Martin,Individual,Hobart,TAS,donor482@email.com,2022-04-16,18-25
D0483,Jackson Diaz,Individual,Sydney,NSW,donor483@email.com,2022-12-11,65+
D0484,Noah Flores,Individual,Cairns,QLD,donor484@email.com,2022-08-13,26-35
D0485,Emma Wilson,Individual,Gold Coast,QLD,donor485@email.com,2022-09-15,36-45
D0486,Evans Holdings,Corporate,Perth,WA,donor486@email.com,2022-10-23,N/A
D0487,Wright Group,Corporate,Newcastle,NSW,donor487@email.com,2022-06-04,N/A
D0488,Scarlett Harris,Individual,Toowoomba,QLD,donor488@email.com,2022-07-31,36-45
D0489,Chloe Thomas,Individual,Adelaide,SA,donor489@email.com,2022-11-17,65+
D0490,Emma Torres,Individual,Hobart,TAS,donor490@email.com,2022-11-26,65+
D0491,Wright Services,Corporate,Hobart,TAS,donor491@email.com,2022-07-29,N/A
D0492,Mia Gomez,Individual,Brisbane,QLD,donor492@email.com,2022-08-31,26-35
D0493,Isabella Baker,Individual,Cairns,QLD,donor493@email.com,2022-01-30,56-65
D0494,Hobart City Council,Government,Hobart,TAS,donor494@email.com,2022-10-13,N/A
D0495,Amelia Thompson,Individual,Gold Coast,QLD,donor495@email.com,2022-04-15,36-45
D0496,Jackson Nguyen,Individual,Wollongong,NSW,donor496@email.com,2022-02-17,56-65
D0497,Brown Holdings,Corporate,Geelong,VIC,donor497@email.com,2022-07-13,N/A
D0498,Noah Jones,Individual,Wollongong,NSW,donor498@email.com,2022-04-07,56-65
D0499,Charlotte Rivera,Individual,Geelong,VIC,donor499@email.com,2022-04-17,36-45
D0500,Adelaide City Council,Government,Adelaide,SA,donor500@email.com,2022-01-08,N/A
